student_id,cgpa,iq_score,communication_skill,internships,projects_completed,coding_score,backlogs,extra_curricular,aptitude_test_score,placed
STU1000,7.7,120,6.0,2.0,1,45.4,0,1,64.9,1
STU1001,7.06,113,3.0,0.0,0,78.1,0,0,57.7,1
STU1002,7.85,100,8.0,2.0,2,50.7,0,1,74.0,1
STU1003,8.72,90,3.0,0.0,2,63.1,0,0,39.8,1
STU1004,6.97,110,2.0,0.0,2,62.2,0,1,60.9,1
STU1005,6.97,105,3.0,0.0,3,67.4,0,1,31.7,0
STU1006,8.78,113,,0.0,3,,2,0,66.1,0
STU1007,7.97,109,2.0,2.0,1,60.2,0,1,72.2,0
STU1008,6.73,115,8.0,0.0,2,89.4,0,0,30.8,0
STU1009,7.74,91,1.0,0.0,1,74.6,1,0,35.9,0
STU1010,6.74,119,7.0,1.0,2,93.4,0,1,36.7,1
STU1011,6.73,102,2.0,3.0,0,58.2,1,0,56.8,0
STU1012,7.44,131,10.0,1.0,1,78.9,1,0,34.8,1
STU1013,5.29,89,6.0,2.0,1,63.8,1,1,84.8,0
STU1014,5.48,126,2.0,0.0,2,5.2,2,0,67.9,0
STU1015,6.64,102,2.0,0.0,1,43.2,0,0,70.8,0
STU1016,6.19,90,10.0,1.0,1,76.6,1,1,31.4,1
STU1017,7.51,92,8.0,1.0,2,75.3,1,0,83.3,0
STU1018,6.29,95,2.0,3.0,4,39.1,2,0,71.7,0
STU1019,5.79,106,7.0,0.0,0,69.4,0,1,47.7,0
STU1020,8.67,107,3.0,0.0,1,75.1,0,0,32.2,0
STU1021,6.97,91,8.0,1.0,4,64.3,1,0,58.6,1
STU1022,7.27,99,7.0,1.0,2,79.6,0,1,51.6,0
STU1023,5.78,132,8.0,0.0,1,76.9,0,0,52.4,1
STU1024,6.66,125,7.0,0.0,1,64.3,0,0,47.3,1
STU1025,7.31,106,6.0,1.0,3,54.8,0,1,73.0,1
STU1026,6.05,100,7.0,1.0,1,85.9,0,1,13.2,1
STU1027,7.58,101,5.0,1.0,3,74.3,0,0,85.7,0
STU1028,6.6,109,7.0,2.0,3,37.4,2,0,78.0,0
STU1029,6.91,84,1.0,4.0,2,69.4,2,1,63.8,0
STU1030,6.6,96,1.0,1.0,2,42.0,0,0,57.4,1
STU1031,9.05,74,9.0,0.0,4,45.7,1,0,79.5,1
STU1032,7.19,105,5.0,1.0,1,52.0,1,0,59.2,0
STU1033,6.14,109,5.0,4.0,1,65.9,0,1,55.0,1
STU1034,8.02,92,3.0,0.0,2,72.5,0,0,80.5,1
STU1035,5.98,123,5.0,1.0,1,56.8,1,0,97.7,1
STU1036,7.41,81,3.0,0.0,3,57.7,2,1,42.5,0
STU1037,5.24,78,9.0,1.0,3,54.9,0,1,67.6,1
STU1038,5.87,103,9.0,1.0,4,86.0,1,1,40.4,0
STU1039,7.4,115,6.0,1.0,1,7.9,0,0,69.0,0
STU1040,7.94,125,1.0,0.0,1,58.8,1,0,46.0,0
STU1041,7.37,93,7.0,3.0,1,95.9,0,1,81.8,1
STU1042,7.08,116,7.0,2.0,1,75.3,1,0,58.2,1
STU1043,6.9,99,10.0,2.0,2,90.3,0,0,60.8,1
STU1044,5.72,97,10.0,3.0,0,24.3,1,0,89.4,1
STU1045,6.48,113,4.0,1.0,1,40.2,1,0,46.8,0
STU1046,6.74,109,8.0,0.0,2,75.3,2,1,72.3,0
STU1047,8.26,76,6.0,3.0,4,96.0,2,1,48.6,1
STU1048,7.54,122,4.0,1.0,0,42.2,0,0,81.5,0
STU1049,5.44,120,,,0,,1,1,92.2,0
STU1050,7.52,90,2.0,0.0,1,73.0,0,0,55.3,0
STU1051,6.81,105,2.0,1.0,1,36.0,0,0,20.5,0
STU1052,6.52,107,4.0,1.0,4,75.4,0,1,47.6,0
STU1053,7.81,103,5.0,1.0,2,11.5,0,1,100.0,0
STU1054,8.23,91,8.0,2.0,2,74.8,1,0,49.3,1
STU1055,8.13,89,6.0,1.0,2,45.1,0,0,91.9,1
STU1056,6.36,99,4.0,0.0,5,56.0,0,0,49.1,0
STU1057,6.89,117,7.0,2.0,3,78.0,0,0,48.6,1
STU1058,7.53,108,8.0,1.0,4,73.9,0,1,74.0,1
STU1059,8.18,94,2.0,2.0,3,64.8,0,1,71.9,1
STU1060,6.72,111,7.0,0.0,0,84.4,0,0,75.3,0
STU1061,7.01,70,2.0,2.0,3,31.0,0,0,60.1,1
STU1062,6.09,117,2.0,4.0,2,69.1,1,1,78.6,1
STU1063,6.0,73,8.0,1.0,3,49.2,2,0,77.3,1
STU1064,8.01,94,2.0,1.0,3,83.4,2,1,80.7,0
STU1065,8.56,83,9.0,2.0,1,78.7,0,0,48.8,1
STU1066,7.13,80,1.0,1.0,1,79.5,0,1,78.6,0
STU1067,8.2,117,9.0,0.0,4,97.9,0,0,50.6,1
STU1068,7.56,92,1.0,1.0,0,87.5,2,0,57.2,0
STU1069,6.55,105,10.0,3.0,2,61.9,0,0,56.8,1
STU1070,7.56,99,10.0,0.0,3,65.0,0,1,42.0,1
STU1071,8.74,107,2.0,2.0,1,77.0,0,1,28.8,1
STU1072,7.16,101,6.0,1.0,0,67.7,2,0,82.0,0
STU1073,8.76,80,6.0,2.0,3,79.1,1,0,47.4,1
STU1074,4.58,114,1.0,3.0,2,20.4,2,0,55.1,0
STU1075,8.02,92,7.0,1.0,1,100.0,0,0,46.8,1
STU1076,7.29,76,8.0,1.0,2,66.2,0,1,55.4,1
STU1077,6.9,93,2.0,4.0,1,32.6,0,1,50.9,1
STU1078,7.29,122,8.0,1.0,0,46.7,1,1,83.0,0
STU1079,5.21,112,9.0,0.0,2,22.4,1,0,49.4,0
STU1080,6.98,94,6.0,0.0,0,43.2,0,0,90.9,1
STU1081,7.56,94,5.0,1.0,3,62.2,0,1,80.5,1
STU1082,8.68,95,9.0,0.0,2,95.3,2,0,51.5,0
STU1083,6.68,131,9.0,0.0,4,73.2,1,1,65.8,1
STU1084,6.39,105,1.0,0.0,1,69.7,0,1,69.3,0
STU1085,6.7,106,3.0,3.0,0,42.3,2,1,75.1,0
STU1086,8.12,115,9.0,0.0,0,48.5,1,1,76.9,1
STU1087,7.53,103,2.0,1.0,4,50.1,2,0,63.4,0
STU1088,6.67,96,4.0,0.0,0,50.9,1,1,42.8,0
STU1089,7.71,97,4.0,0.0,5,58.0,0,0,71.5,1
STU1090,7.3,98,2.0,0.0,0,59.5,0,1,55.7,0
STU1091,8.17,99,3.0,0.0,3,58.2,2,1,9.8,0
STU1092,6.5,110,3.0,1.0,2,51.6,0,1,67.0,1
STU1093,6.87,100,1.0,0.0,1,67.7,0,1,46.8,0
STU1094,6.81,110,6.0,0.0,1,58.7,2,0,51.7,0
STU1095,5.74,98,8.0,1.0,1,33.1,1,0,60.1,1
STU1096,7.5,101,3.0,1.0,2,65.7,2,0,32.0,0
STU1097,7.46,70,5.0,0.0,3,62.7,2,0,62.5,0
STU1098,7.21,113,1.0,0.0,2,33.4,0,1,54.3,0
STU1099,6.97,105,10.0,1.0,3,53.2,1,0,44.2,0
STU1100,5.78,114,7.0,2.0,3,76.9,2,0,60.8,1
STU1101,6.78,70,10.0,1.0,1,42.3,0,1,29.6,1
STU1102,6.86,131,1.0,0.0,2,40.2,0,0,61.4,0
STU1103,6.4,97,9.0,1.0,2,58.5,1,0,68.5,0
STU1104,7.04,116,,1.0,2,,1,0,65.5,0
STU1105,7.6,84,7.0,1.0,4,100.0,0,0,74.2,1
STU1106,9.09,109,10.0,1.0,1,78.2,1,1,81.0,1
STU1107,7.37,84,7.0,1.0,0,86.7,1,1,58.5,0
STU1108,7.46,90,5.0,2.0,1,71.9,2,0,79.7,0
STU1109,7.13,128,5.0,2.0,2,51.3,0,1,58.5,1
STU1110,5.28,97,5.0,4.0,0,78.0,1,0,47.4,0
STU1111,7.17,103,1.0,0.0,1,63.3,0,0,52.9,0
STU1112,7.26,113,8.0,2.0,0,72.5,1,0,64.8,0
STU1113,9.66,107,1.0,2.0,2,46.1,0,1,79.5,1
STU1114,7.01,102,4.0,2.0,2,74.3,1,1,60.0,1
STU1115,7.5,105,9.0,2.0,3,62.6,0,1,47.9,1
STU1116,7.17,136,9.0,0.0,0,69.6,1,1,86.0,1
STU1117,6.03,99,5.0,1.0,5,63.3,0,1,34.2,1
STU1118,8.34,103,4.0,1.0,5,59.5,0,1,48.0,1
STU1119,7.95,115,3.0,1.0,1,74.7,0,0,76.1,1
STU1120,7.99,116,3.0,0.0,4,56.9,1,1,91.8,1
STU1121,6.29,117,5.0,1.0,2,33.2,1,0,68.7,0
STU1122,8.6,109,10.0,1.0,3,27.5,1,0,64.5,1
STU1123,5.8,82,1.0,1.0,2,68.7,0,1,54.8,1
STU1124,7.79,124,5.0,0.0,3,56.1,0,0,69.9,0
STU1125,9.39,82,6.0,0.0,2,30.4,0,0,62.3,0
STU1126,6.21,104,7.0,0.0,2,67.1,0,0,46.4,0
STU1127,6.63,88,9.0,1.0,2,63.1,0,1,54.4,1
STU1128,7.3,99,3.0,3.0,2,55.0,1,1,44.4,1
STU1129,6.7,104,2.0,1.0,0,69.9,2,0,60.2,0
STU1130,5.65,104,3.0,1.0,4,91.3,2,1,62.9,0
STU1131,7.27,106,9.0,3.0,4,90.7,2,0,89.4,1
STU1132,6.14,124,7.0,1.0,1,67.9,0,1,49.2,1
STU1133,7.67,106,,0.0,3,,0,0,56.7,1
STU1134,6.28,96,2.0,1.0,0,68.2,1,0,82.7,0
STU1135,8.75,114,5.0,0.0,2,71.2,1,1,92.5,1
STU1136,6.42,117,4.0,0.0,0,59.6,2,1,68.5,0
STU1137,6.88,81,2.0,3.0,3,68.5,0,1,55.4,1
STU1138,8.01,108,9.0,0.0,2,33.5,0,1,51.5,1
STU1139,5.97,110,9.0,1.0,1,66.6,1,1,26.8,0
STU1140,7.43,95,6.0,0.0,0,74.5,1,0,43.3,0
STU1141,8.51,120,6.0,2.0,0,55.2,0,0,61.8,1
STU1142,5.59,97,,,4,,0,0,56.7,1
STU1143,7.38,101,6.0,0.0,2,42.8,0,1,71.2,1
STU1144,7.46,97,1.0,0.0,2,40.0,2,1,56.5,0
STU1145,7.98,100,4.0,2.0,3,69.2,2,0,46.9,0
STU1146,5.96,83,7.0,1.0,5,50.4,0,0,66.1,1
STU1147,5.88,78,2.0,1.0,3,29.5,0,0,100.0,0
STU1148,7.72,123,9.0,3.0,0,42.8,1,0,54.3,1
STU1149,7.5,87,8.0,1.0,0,45.7,1,1,62.5,1
STU1150,7.45,85,8.0,0.0,2,80.5,0,0,75.2,1
STU1151,7.55,70,7.0,0.0,2,68.6,1,1,49.7,0
STU1152,6.52,90,4.0,1.0,2,47.6,0,0,82.9,0
STU1153,7.43,80,2.0,2.0,3,53.2,0,1,31.6,0
STU1154,7.49,124,3.0,1.0,0,91.2,0,1,52.7,1
STU1155,6.49,115,6.0,0.0,0,83.7,1,1,54.4,0
STU1156,9.07,89,5.0,1.0,3,42.6,0,1,62.7,0
STU1157,7.67,133,8.0,1.0,2,88.3,0,0,24.5,1
STU1158,6.01,114,6.0,0.0,3,63.4,1,0,84.3,0
STU1159,7.86,95,6.0,1.0,1,81.0,0,0,67.5,1
STU1160,6.23,70,1.0,0.0,3,61.7,2,1,80.2,0
STU1161,7.99,134,4.0,1.0,3,88.7,1,0,89.0,1
STU1162,8.36,79,5.0,1.0,1,41.8,0,0,46.7,0
STU1163,6.38,75,3.0,0.0,3,59.9,0,0,15.1,0
STU1164,8.16,115,9.0,1.0,4,89.3,0,1,80.6,1
STU1165,7.61,136,1.0,1.0,2,17.1,0,1,54.8,0
STU1166,8.02,120,6.0,0.0,1,64.1,0,1,39.6,0
STU1167,9.1,108,6.0,1.0,4,57.1,0,0,70.4,1
STU1168,6.95,108,10.0,3.0,1,78.7,0,0,100.0,1
STU1169,6.45,112,5.0,0.0,1,86.4,1,0,58.0,1
STU1170,6.31,111,5.0,0.0,3,79.6,2,1,77.1,0
STU1171,6.38,104,10.0,3.0,1,69.8,0,0,42.2,1
STU1172,7.12,101,5.0,1.0,4,65.8,1,1,29.6,0
STU1173,7.54,99,6.0,3.0,3,58.1,0,1,76.5,1
STU1174,7.48,88,8.0,2.0,0,69.2,0,1,69.8,1
STU1175,8.03,95,2.0,4.0,2,94.2,1,1,51.6,1
STU1176,7.21,74,6.0,0.0,3,48.4,1,0,90.7,1
STU1177,8.65,98,1.0,1.0,2,57.0,1,0,28.2,0
STU1178,6.94,85,4.0,2.0,1,63.5,1,1,37.9,0
STU1179,9.92,83,10.0,1.0,4,85.0,0,0,50.2,1
STU1180,7.83,102,3.0,1.0,1,69.5,1,1,53.6,0
STU1181,6.34,120,9.0,1.0,1,84.7,2,0,86.4,0
STU1182,6.13,113,3.0,1.0,0,85.7,0,0,60.9,1
STU1183,7.68,76,6.0,1.0,3,76.8,1,1,56.5,1
STU1184,6.98,85,1.0,2.0,0,43.7,0,1,37.1,0
STU1185,7.91,114,6.0,0.0,2,98.2,0,1,79.6,1
STU1186,7.67,85,4.0,0.0,1,93.2,1,1,39.5,0
STU1187,7.13,96,8.0,1.0,1,66.3,1,0,37.1,1
STU1188,6.35,108,9.0,2.0,2,37.4,0,1,52.8,1
STU1189,5.69,85,4.0,0.0,4,33.8,0,0,62.9,1
STU1190,6.75,101,10.0,1.0,4,70.1,0,1,47.0,1
STU1191,8.06,79,10.0,2.0,3,51.0,2,0,72.7,0
STU1192,7.41,90,6.0,3.0,4,30.7,1,1,54.9,1
STU1193,5.95,104,1.0,0.0,1,33.4,0,0,78.9,0
STU1194,7.37,76,4.0,0.0,2,55.6,0,0,69.1,1
STU1195,7.59,106,7.0,1.0,1,68.9,1,0,92.2,1
STU1196,6.32,99,1.0,2.0,1,93.1,0,1,52.0,0
STU1197,7.35,108,8.0,1.0,4,74.7,0,1,75.2,0
STU1198,7.26,103,10.0,1.0,2,57.4,0,1,27.8,0
STU1199,6.06,120,6.0,0.0,0,72.6,2,1,100.0,0
STU1200,7.56,101,5.0,0.0,3,70.8,0,0,74.3,1
STU1201,7.76,93,10.0,1.0,1,79.8,2,0,54.7,1
STU1202,8.28,101,9.0,1.0,2,64.2,0,0,55.3,1
STU1203,8.25,108,2.0,2.0,2,85.7,1,1,55.6,1
STU1204,5.82,100,5.0,1.0,0,81.5,1,0,93.1,0
STU1205,6.26,100,6.0,1.0,2,66.7,0,0,76.2,1
STU1206,7.72,89,7.0,0.0,5,62.6,0,1,52.0,1
STU1207,7.71,90,5.0,0.0,2,83.4,1,1,37.7,1
STU1208,7.72,78,9.0,2.0,3,50.7,2,0,81.5,1
STU1209,10.0,126,1.0,4.0,0,34.9,1,1,75.1,0
STU1210,7.77,81,7.0,2.0,2,34.8,0,1,72.7,1
STU1211,8.34,89,10.0,0.0,1,49.1,0,1,58.5,1
STU1212,8.15,89,7.0,0.0,3,78.2,2,1,54.6,1
STU1213,7.85,113,4.0,2.0,2,56.5,1,0,90.3,1
STU1214,6.88,95,9.0,1.0,1,69.1,0,0,92.0,1
STU1215,7.96,118,5.0,0.0,2,55.1,1,0,71.5,0
STU1216,6.43,89,4.0,1.0,1,55.3,0,0,77.5,0
STU1217,6.96,104,7.0,0.0,2,44.5,0,0,64.2,1
STU1218,6.71,87,4.0,2.0,5,63.2,2,1,35.3,0
STU1219,7.28,132,3.0,2.0,3,61.5,1,0,42.4,0
STU1220,9.51,82,9.0,0.0,4,73.3,1,0,80.6,0
STU1221,5.33,104,8.0,1.0,2,70.8,0,1,82.9,1
STU1222,7.89,109,1.0,3.0,2,61.1,1,1,79.0,0
STU1223,5.59,106,7.0,2.0,0,34.9,2,1,66.2,0
STU1224,6.73,97,9.0,0.0,2,86.4,0,0,79.6,0
STU1225,8.29,98,8.0,0.0,1,63.3,1,1,59.0,1
STU1226,7.26,100,8.0,1.0,1,66.6,0,1,71.2,1
STU1227,6.12,97,6.0,0.0,2,97.0,1,1,56.3,0
STU1228,6.48,114,4.0,1.0,3,83.2,0,0,41.0,0
STU1229,7.88,133,8.0,1.0,1,73.9,1,1,75.6,1
STU1230,6.47,91,3.0,2.0,2,65.0,0,1,83.0,1
STU1231,7.42,79,9.0,1.0,1,64.8,2,0,100.0,1
STU1232,7.25,98,2.0,1.0,2,69.8,1,1,64.8,1
STU1233,6.55,138,2.0,0.0,1,73.1,1,0,41.1,0
STU1234,9.34,87,7.0,0.0,1,99.2,1,0,54.1,0
STU1235,7.83,124,10.0,1.0,3,100.0,0,1,57.6,1
STU1236,5.17,125,4.0,1.0,3,70.8,0,0,62.7,0
STU1237,7.39,91,10.0,1.0,1,21.9,0,1,68.5,1
STU1238,6.54,108,8.0,1.0,0,46.0,0,1,66.5,1
STU1239,8.05,124,9.0,1.0,3,100.0,2,1,74.0,1
STU1240,6.41,94,7.0,1.0,3,79.4,0,1,63.6,1
STU1241,7.09,96,5.0,3.0,3,73.5,0,0,19.9,1
STU1242,7.7,91,,,0,,0,1,64.1,1
STU1243,8.07,84,4.0,0.0,0,41.2,0,1,61.6,0
STU1244,6.0,90,2.0,3.0,0,98.6,0,1,69.9,0
STU1245,6.87,81,6.0,0.0,4,48.5,2,0,53.5,0
STU1246,6.73,100,9.0,1.0,1,79.6,0,0,64.0,1
STU1247,6.55,88,1.0,3.0,3,39.0,1,1,70.0,0
STU1248,8.97,103,10.0,1.0,0,60.7,0,0,57.1,1
STU1249,7.6,76,7.0,2.0,0,84.9,2,0,72.2,0
STU1250,5.94,104,10.0,1.0,4,60.0,1,1,61.3,1
STU1251,8.12,112,9.0,0.0,1,57.6,0,1,62.8,1
STU1252,9.32,70,10.0,0.0,2,65.2,0,1,7.4,1
STU1253,8.23,105,9.0,1.0,4,38.3,0,1,39.4,1
STU1254,5.68,118,10.0,2.0,1,34.5,1,1,39.5,1
STU1255,6.72,81,3.0,1.0,0,79.3,1,0,63.9,0
STU1256,8.47,125,5.0,0.0,1,56.6,0,1,82.9,1
STU1257,6.49,106,8.0,1.0,2,79.1,0,1,57.9,0
STU1258,7.64,89,8.0,1.0,1,87.4,0,1,75.3,1
STU1259,7.97,99,4.0,2.0,1,89.0,0,1,71.7,1
STU1260,6.27,108,1.0,3.0,1,32.6,1,1,62.5,0
STU1261,7.14,101,1.0,4.0,3,51.0,1,0,70.3,0
STU1262,4.5,108,,,1,,1,1,64.4,0
STU1263,6.18,86,6.0,2.0,1,76.1,0,0,57.4,0
STU1264,6.95,102,8.0,2.0,3,100.0,0,1,67.0,1
STU1265,5.95,78,6.0,3.0,1,46.8,1,1,86.0,0
STU1266,8.83,98,9.0,2.0,2,88.4,2,1,68.5,0
STU1267,5.77,86,9.0,2.0,0,72.4,2,0,63.9,1
STU1268,6.76,88,2.0,0.0,1,32.2,2,1,44.2,0
STU1269,7.33,118,10.0,1.0,3,54.0,1,1,85.5,1
STU1270,8.64,116,1.0,0.0,1,70.3,0,1,34.7,0
STU1271,5.76,109,2.0,0.0,4,30.9,2,1,29.3,0
STU1272,8.36,83,5.0,0.0,2,23.5,0,1,66.7,1
STU1273,7.21,95,4.0,3.0,0,29.8,1,1,44.1,1
STU1274,6.22,118,4.0,1.0,4,70.2,2,1,79.6,1
STU1275,7.66,102,9.0,2.0,2,55.3,0,0,29.7,1
STU1276,7.4,134,8.0,1.0,1,52.6,2,1,77.3,1
STU1277,6.6,105,6.0,1.0,1,53.3,0,1,74.8,0
STU1278,7.27,102,1.0,2.0,2,36.5,0,1,62.1,0
STU1279,6.81,95,2.0,0.0,1,55.9,2,0,22.2,0
STU1280,7.31,102,6.0,1.0,2,28.6,0,0,29.0,0
STU1281,7.86,97,2.0,1.0,2,88.8,1,1,64.3,0
STU1282,8.79,110,10.0,0.0,1,98.8,0,0,55.8,1
STU1283,5.96,114,5.0,1.0,1,18.5,1,1,73.1,1
STU1284,9.33,88,5.0,0.0,5,55.6,2,1,58.8,0
STU1285,5.25,80,6.0,0.0,1,56.9,1,0,57.2,0
STU1286,7.05,72,6.0,1.0,6,61.5,0,1,16.3,1
STU1287,7.79,107,6.0,1.0,4,85.0,1,0,74.8,1
STU1288,7.48,83,2.0,1.0,2,55.7,1,0,48.3,0
STU1289,6.58,70,10.0,0.0,1,63.2,0,0,52.8,0
STU1290,6.99,105,3.0,2.0,1,100.0,0,1,40.7,1
STU1291,6.71,137,6.0,0.0,3,62.8,1,1,32.3,0
STU1292,6.61,99,8.0,0.0,2,100.0,2,1,86.5,0
STU1293,8.05,112,1.0,2.0,1,75.0,1,1,74.3,1
STU1294,7.56,101,1.0,0.0,4,53.9,1,1,74.6,0
STU1295,6.51,98,2.0,3.0,2,50.6,0,1,56.1,0
STU1296,8.1,113,6.0,0.0,1,64.9,0,1,28.7,0
STU1297,7.51,95,9.0,1.0,3,42.5,1,0,97.8,1
STU1298,8.01,104,4.0,0.0,2,47.7,2,1,67.6,0
STU1299,7.83,104,3.0,1.0,4,56.5,1,1,62.5,0
STU1300,6.37,89,8.0,1.0,4,70.9,0,1,53.5,1
STU1301,6.64,114,10.0,0.0,1,100.0,1,0,23.2,1
STU1302,7.95,97,9.0,1.0,4,55.3,0,0,80.5,1
STU1303,7.81,88,5.0,2.0,0,74.2,0,0,41.0,1
STU1304,7.18,108,9.0,1.0,3,32.4,2,1,69.8,0
STU1305,7.32,86,2.0,2.0,3,86.2,1,0,73.9,0
STU1306,8.48,100,3.0,0.0,2,30.6,1,0,66.0,0
STU1307,6.61,99,7.0,2.0,3,81.0,1,1,68.5,1
STU1308,7.75,116,7.0,0.0,1,63.4,0,1,84.2,1
STU1309,7.0,107,6.0,0.0,4,62.6,0,1,45.7,1
STU1310,6.98,99,6.0,2.0,3,59.0,1,0,63.0,0
STU1311,8.3,112,2.0,1.0,0,39.0,2,1,55.9,0
STU1312,8.03,120,10.0,1.0,2,40.0,1,1,26.9,1
STU1313,8.01,108,6.0,0.0,1,81.7,2,1,65.2,0
STU1314,8.51,100,4.0,1.0,0,65.2,0,1,82.5,1
STU1315,7.22,80,3.0,1.0,3,58.8,0,1,84.8,0
STU1316,7.88,84,2.0,1.0,1,73.9,0,1,93.4,0
STU1317,6.89,95,1.0,1.0,1,67.0,1,0,28.1,0
STU1318,7.52,90,,,1,,0,1,89.3,0
STU1319,7.07,97,2.0,0.0,4,100.0,0,0,63.3,1
STU1320,7.3,100,2.0,0.0,3,79.8,2,0,88.8,0
STU1321,7.8,107,7.0,1.0,0,67.5,2,1,52.9,1
STU1322,6.38,98,8.0,1.0,1,54.7,1,0,50.4,0
STU1323,9.29,107,10.0,0.0,4,84.1,1,0,38.1,1
STU1324,6.19,100,8.0,1.0,2,49.2,1,0,74.0,1
STU1325,5.99,70,4.0,0.0,1,47.6,0,1,69.3,0
STU1326,8.36,85,1.0,1.0,2,98.9,1,0,39.9,0
STU1327,7.99,97,7.0,2.0,1,65.6,0,0,21.0,1
STU1328,7.82,81,1.0,0.0,3,49.7,2,0,67.5,0
STU1329,7.83,108,4.0,1.0,3,65.1,2,0,69.5,0
STU1330,7.19,122,8.0,3.0,6,82.0,1,1,42.2,1
STU1331,6.3,118,2.0,1.0,1,77.4,0,1,38.6,1
STU1332,7.28,96,6.0,1.0,3,84.5,1,0,71.8,0
STU1333,6.52,122,6.0,1.0,1,40.0,1,1,93.4,1
STU1334,8.18,102,9.0,0.0,4,84.0,0,1,51.1,1
STU1335,7.05,94,5.0,1.0,2,61.4,1,0,44.2,0
STU1336,6.37,90,10.0,4.0,3,66.8,0,1,65.4,1
STU1337,6.88,95,4.0,1.0,1,89.2,0,1,71.4,1
STU1338,7.61,94,5.0,1.0,2,79.1,0,0,53.4,1
STU1339,6.64,102,10.0,1.0,2,72.0,1,0,96.5,1
STU1340,6.38,102,5.0,0.0,2,25.3,0,1,76.2,1
STU1341,7.44,100,8.0,2.0,1,64.1,1,1,53.1,0
STU1342,7.44,106,10.0,3.0,4,49.3,2,1,31.3,0
STU1343,6.69,117,8.0,1.0,1,79.2,1,1,83.7,1
STU1344,6.73,114,2.0,1.0,1,84.8,0,0,81.5,1
STU1345,7.43,77,,,2,,0,0,54.6,1
STU1346,5.75,70,8.0,0.0,2,51.7,2,0,66.3,0
STU1347,5.79,114,6.0,1.0,5,96.1,0,0,57.3,1
STU1348,6.48,79,5.0,1.0,0,52.9,0,0,69.4,1
STU1349,6.99,96,9.0,0.0,0,41.1,0,1,41.6,0
STU1350,7.51,82,3.0,3.0,2,48.3,0,1,39.0,1
STU1351,8.68,72,10.0,2.0,1,53.9,1,0,74.6,1
STU1352,8.06,108,4.0,2.0,4,47.8,0,0,76.9,1
STU1353,7.04,111,9.0,0.0,4,81.9,0,0,51.2,1
STU1354,7.18,91,6.0,1.0,2,21.0,0,1,46.5,0
STU1355,6.2,70,8.0,1.0,1,47.3,1,1,80.7,1
STU1356,7.18,91,7.0,2.0,1,64.1,0,1,47.1,1
STU1357,6.91,105,2.0,0.0,4,69.2,0,0,61.0,0
STU1358,7.52,77,3.0,0.0,1,98.8,0,0,58.7,1
STU1359,6.37,102,1.0,2.0,8,95.9,0,0,33.6,0
STU1360,7.72,99,9.0,1.0,0,33.0,2,0,63.5,0
STU1361,8.73,108,7.0,2.0,1,26.8,1,0,61.7,1
STU1362,7.09,101,1.0,1.0,3,65.5,1,1,66.5,0
STU1363,7.6,85,3.0,0.0,1,51.5,0,0,62.8,0
STU1364,7.89,117,4.0,0.0,3,41.2,0,1,98.4,0
STU1365,6.8,97,4.0,0.0,2,65.3,0,1,80.9,1
STU1366,7.42,99,5.0,1.0,2,69.6,0,1,60.7,1
STU1367,7.21,86,3.0,1.0,1,48.2,0,1,62.3,0
STU1368,7.3,93,,,2,,0,1,91.7,0
STU1369,6.43,86,1.0,2.0,0,49.8,1,0,75.5,0
STU1370,7.22,97,7.0,2.0,1,56.8,0,0,37.9,1
STU1371,7.7,125,10.0,1.0,0,75.8,0,0,77.1,1
STU1372,8.65,79,1.0,0.0,5,43.4,0,1,82.4,0
STU1373,8.16,75,2.0,1.0,4,52.2,2,1,89.1,0
STU1374,9.35,122,4.0,2.0,3,57.0,1,1,52.8,1
STU1375,6.43,96,4.0,1.0,1,64.9,1,1,51.5,0
STU1376,8.07,89,5.0,2.0,2,70.5,1,1,43.0,0
STU1377,7.38,115,2.0,4.0,1,100.0,0,1,65.5,1
STU1378,9.39,90,4.0,0.0,4,76.4,1,0,73.2,0
STU1379,6.39,127,1.0,0.0,1,76.9,0,1,50.8,0
STU1380,6.36,110,2.0,0.0,0,59.7,1,1,57.4,0
STU1381,6.6,92,1.0,2.0,3,45.4,1,0,23.0,0
STU1382,5.08,132,10.0,0.0,1,54.4,0,1,87.2,1
STU1383,6.67,90,10.0,1.0,3,50.8,0,0,31.8,1
STU1384,6.44,111,4.0,2.0,0,72.8,1,0,66.7,1
STU1385,7.35,104,4.0,0.0,2,32.0,1,0,64.3,0
STU1386,7.54,119,7.0,0.0,2,76.9,0,1,60.8,1
STU1387,9.08,123,10.0,3.0,1,62.7,1,0,61.2,1
STU1388,8.15,100,9.0,1.0,3,79.7,0,0,41.8,1
STU1389,6.62,88,9.0,1.0,3,50.5,1,1,54.1,0
STU1390,6.3,106,5.0,0.0,1,47.0,0,0,77.4,1
STU1391,7.69,89,10.0,1.0,1,56.9,1,1,82.8,1
STU1392,5.88,130,1.0,0.0,3,56.4,1,1,52.4,0
STU1393,9.03,102,1.0,0.0,1,81.1,0,0,31.9,0
STU1394,8.38,94,6.0,3.0,0,80.9,0,1,46.0,0
STU1395,6.73,102,2.0,1.0,1,100.0,0,1,93.3,1
STU1396,5.49,79,8.0,1.0,3,55.1,0,0,47.1,0
STU1397,8.55,85,9.0,1.0,4,0.0,0,0,58.3,1
STU1398,7.09,118,4.0,0.0,2,56.8,1,0,85.5,0
STU1399,8.44,90,5.0,0.0,0,69.6,1,0,50.5,1
STU1400,5.61,84,8.0,0.0,2,79.3,0,1,57.0,1
STU1401,6.6,108,3.0,0.0,1,71.1,1,0,74.3,0
STU1402,7.21,117,5.0,0.0,3,55.1,0,0,90.8,1
STU1403,7.25,110,3.0,2.0,2,99.3,2,0,48.4,0
STU1404,6.75,114,10.0,4.0,2,44.3,1,1,85.1,1
STU1405,7.82,88,3.0,0.0,2,59.5,2,1,54.9,0
STU1406,6.13,78,3.0,1.0,0,43.4,1,1,44.1,0
STU1407,7.06,122,7.0,1.0,3,65.4,0,1,64.5,1
STU1408,7.32,95,7.0,0.0,2,96.8,1,1,39.2,1
STU1409,7.71,96,7.0,1.0,0,62.2,0,0,68.5,1
STU1410,7.91,119,10.0,2.0,2,62.3,1,1,100.0,1
STU1411,6.08,108,8.0,2.0,2,31.1,0,1,79.9,1
STU1412,5.67,106,5.0,2.0,2,59.3,1,1,58.1,0
STU1413,8.48,132,5.0,0.0,2,88.0,0,0,78.9,1
STU1414,7.53,90,4.0,0.0,3,60.0,2,0,43.2,0
STU1415,6.45,113,7.0,1.0,1,58.6,0,1,46.3,0
STU1416,8.75,100,10.0,1.0,2,87.1,2,0,58.6,1
STU1417,7.32,104,4.0,0.0,2,58.7,1,1,61.6,0
STU1418,8.38,122,2.0,1.0,3,90.8,0,0,36.7,1
STU1419,7.27,107,4.0,1.0,2,39.3,2,0,54.5,0
STU1420,9.26,108,8.0,1.0,4,78.6,0,1,57.4,1
STU1421,8.96,116,9.0,0.0,2,97.9,1,0,87.8,1
STU1422,6.95,94,3.0,0.0,1,85.2,0,1,36.7,0
STU1423,8.17,87,7.0,1.0,1,27.7,0,1,35.1,1
STU1424,7.85,84,9.0,0.0,0,52.2,0,1,63.2,1
STU1425,8.57,70,4.0,2.0,2,60.2,0,0,80.7,0
STU1426,6.24,130,10.0,2.0,4,85.2,1,0,69.9,1
STU1427,7.89,83,3.0,0.0,1,38.4,1,1,65.4,0
STU1428,8.26,96,5.0,3.0,0,44.6,0,1,54.8,1
STU1429,5.44,95,1.0,1.0,2,32.9,0,0,72.2,0
STU1430,6.02,104,3.0,1.0,0,48.5,0,1,74.9,1
STU1431,5.16,112,8.0,0.0,0,40.0,1,0,55.4,0
STU1432,6.93,112,8.0,2.0,3,97.0,2,0,42.9,0
STU1433,7.92,91,4.0,1.0,2,52.1,0,0,43.0,0
STU1434,8.7,97,2.0,0.0,3,78.8,0,1,75.8,1
STU1435,7.27,104,8.0,0.0,1,65.4,0,1,32.2,0
STU1436,8.83,96,8.0,2.0,1,65.1,1,0,90.2,1
STU1437,5.82,124,10.0,1.0,2,53.2,1,1,51.8,1
STU1438,5.5,107,4.0,2.0,4,80.4,0,1,65.6,0
STU1439,7.14,111,3.0,1.0,3,68.1,0,0,72.6,1
STU1440,7.58,109,2.0,0.0,1,66.9,0,0,47.7,1
STU1441,7.17,117,9.0,2.0,4,53.1,1,1,51.7,1
STU1442,5.13,102,1.0,0.0,1,56.4,0,0,62.4,0
STU1443,7.11,80,7.0,1.0,3,76.8,1,1,44.6,1
STU1444,5.9,105,5.0,0.0,1,69.6,1,0,40.8,0
STU1445,7.87,90,8.0,2.0,1,67.5,0,0,42.4,1
STU1446,7.57,92,,,2,,1,1,81.8,0
STU1447,6.26,108,7.0,0.0,3,100.0,2,1,67.2,0
STU1448,6.69,118,5.0,2.0,1,55.4,2,1,45.7,0
STU1449,6.14,100,5.0,1.0,3,64.4,0,1,75.7,1
STU1450,7.14,104,9.0,1.0,2,61.3,1,1,46.7,1
STU1451,8.16,125,9.0,4.0,2,100.0,1,0,24.9,1
STU1452,6.21,103,,,2,,0,0,72.5,1
STU1453,7.7,139,6.0,1.0,0,57.4,0,1,89.6,1
STU1454,6.67,108,6.0,1.0,5,67.4,0,0,70.0,1
STU1455,6.41,73,5.0,1.0,2,51.1,1,1,26.0,0
STU1456,7.09,111,9.0,1.0,2,67.2,0,0,59.6,1
STU1457,6.16,105,10.0,0.0,0,100.0,0,0,55.1,1
STU1458,6.65,119,8.0,1.0,4,71.0,0,1,66.8,1
STU1459,6.0,110,7.0,2.0,1,70.3,1,1,44.7,0
STU1460,9.16,97,7.0,2.0,1,50.6,0,1,54.0,1
STU1461,7.24,81,6.0,2.0,5,99.2,1,0,34.4,1
STU1462,6.5,96,5.0,0.0,0,100.0,0,1,64.0,1
STU1463,7.41,87,4.0,0.0,2,82.1,2,1,35.1,0
STU1464,7.09,91,3.0,0.0,1,78.1,1,1,67.9,1
STU1465,6.98,108,3.0,1.0,3,60.3,1,1,46.5,0
STU1466,7.81,125,6.0,0.0,2,72.8,2,1,3.5,0
STU1467,7.96,105,4.0,4.0,5,48.3,1,1,74.3,1
STU1468,6.67,82,6.0,1.0,3,42.5,0,0,68.9,1
STU1469,6.62,106,3.0,2.0,2,35.3,0,0,84.4,0
STU1470,6.92,117,4.0,1.0,2,73.2,2,0,22.4,0
STU1471,4.9,90,9.0,2.0,1,37.4,0,0,48.2,1
STU1472,5.68,97,5.0,1.0,0,55.0,0,1,62.4,1
STU1473,8.57,100,7.0,1.0,1,63.8,2,1,70.3,1
STU1474,8.84,88,10.0,3.0,3,84.9,1,0,33.7,1
STU1475,6.95,109,2.0,2.0,1,53.4,0,0,67.8,0
STU1476,7.78,98,5.0,1.0,1,87.3,1,0,49.7,1
STU1477,7.51,106,9.0,1.0,0,83.8,1,1,26.6,1
STU1478,10.0,86,3.0,0.0,2,43.6,1,1,46.5,1
STU1479,8.32,93,9.0,1.0,3,87.5,0,1,69.3,1
STU1480,7.07,110,6.0,1.0,4,59.3,1,0,27.4,0
STU1481,6.24,94,4.0,2.0,2,55.0,0,0,71.5,0
STU1482,5.59,125,7.0,0.0,3,59.4,0,0,65.1,1
STU1483,7.4,94,8.0,1.0,3,64.9,0,0,55.4,1
STU1484,6.44,103,6.0,3.0,2,56.7,0,0,30.6,0
STU1485,5.78,113,5.0,3.0,3,48.2,0,1,32.0,0
STU1486,6.55,78,6.0,2.0,0,50.0,1,1,52.8,1
STU1487,6.12,73,5.0,2.0,2,67.8,0,1,39.8,1
STU1488,8.89,77,8.0,0.0,2,61.8,2,1,54.0,0
STU1489,8.08,118,1.0,2.0,4,75.5,0,1,76.3,1
STU1490,7.19,91,7.0,0.0,2,66.0,1,0,55.1,0
STU1491,8.68,138,10.0,2.0,2,66.5,1,1,54.6,1
STU1492,7.28,91,10.0,0.0,2,76.9,2,0,54.6,0
STU1493,6.34,102,2.0,1.0,2,93.4,2,1,78.2,0
STU1494,8.72,123,9.0,1.0,1,94.2,1,0,83.3,1
STU1495,7.74,130,1.0,0.0,2,91.8,2,0,67.6,0
STU1496,6.16,130,,0.0,3,,0,0,62.5,0
STU1497,7.01,118,6.0,1.0,1,100.0,1,0,64.1,1
STU1498,6.32,115,9.0,1.0,3,73.8,2,0,85.7,1
STU1499,5.82,108,1.0,1.0,3,71.5,1,0,68.6,0
STU1500,8.13,111,4.0,1.0,1,100.0,1,1,87.4,1
STU1501,9.11,91,4.0,1.0,1,10.5,0,0,52.5,0
STU1502,5.8,87,9.0,0.0,4,60.7,0,0,36.0,0
STU1503,7.76,99,5.0,1.0,2,90.0,0,1,48.0,1
STU1504,6.55,97,5.0,3.0,1,84.6,2,0,49.9,0
STU1505,6.71,93,6.0,0.0,1,100.0,1,1,88.9,1
STU1506,6.61,110,1.0,0.0,0,67.1,0,1,73.3,0
STU1507,6.34,114,,,2,,2,0,48.5,0
STU1508,7.25,101,9.0,2.0,3,58.4,0,0,74.6,1
STU1509,6.37,122,3.0,2.0,2,71.4,1,1,57.7,1
STU1510,7.47,82,4.0,0.0,1,97.4,2,0,89.4,0
STU1511,7.15,97,1.0,0.0,1,97.7,1,1,54.0,1
STU1512,6.96,89,9.0,0.0,4,63.9,1,0,32.3,1
STU1513,6.29,72,8.0,0.0,1,70.1,1,1,56.6,0
STU1514,6.62,98,2.0,1.0,1,52.8,0,0,54.0,0
STU1515,7.96,98,8.0,2.0,3,54.9,1,0,35.8,1
STU1516,7.7,122,7.0,1.0,1,85.9,0,1,70.5,1
STU1517,6.22,109,6.0,1.0,1,97.0,0,1,85.6,1
STU1518,7.3,84,1.0,0.0,3,51.1,0,1,39.8,0
STU1519,7.95,127,7.0,0.0,2,69.9,0,1,77.5,1
STU1520,5.53,118,10.0,2.0,2,60.1,2,0,49.1,0
STU1521,7.74,108,7.0,1.0,2,82.3,2,1,59.6,0
STU1522,6.54,96,9.0,0.0,2,57.2,0,1,57.7,0
STU1523,7.77,85,1.0,1.0,3,26.5,1,0,59.6,0
STU1524,6.44,94,2.0,0.0,3,85.1,1,0,68.5,1
STU1525,5.4,116,9.0,3.0,5,58.9,0,1,41.6,1
STU1526,5.57,128,9.0,1.0,1,61.0,1,0,83.3,1
STU1527,7.25,123,6.0,0.0,3,73.7,0,1,69.1,0
STU1528,7.46,92,6.0,0.0,1,72.1,0,0,75.0,1
STU1529,6.3,83,4.0,2.0,0,74.1,0,1,46.0,1
STU1530,7.84,102,4.0,2.0,2,32.4,0,0,39.9,1
STU1531,5.54,73,5.0,0.0,3,76.1,2,1,81.3,0
STU1532,7.13,104,3.0,1.0,1,26.8,0,1,39.2,0
STU1533,5.99,97,1.0,1.0,4,80.4,0,0,62.7,0
STU1534,6.55,93,1.0,2.0,1,87.4,2,0,78.3,0
STU1535,7.25,76,7.0,1.0,0,37.6,2,1,57.7,0
STU1536,6.34,107,1.0,1.0,2,71.6,1,1,81.1,1
STU1537,6.82,92,1.0,1.0,0,86.1,0,0,55.1,0
STU1538,8.21,82,3.0,1.0,4,56.0,1,0,37.0,0
STU1539,6.62,70,10.0,4.0,1,78.5,0,0,66.7,1
STU1540,8.04,99,4.0,1.0,2,9.3,1,0,63.6,0
STU1541,6.07,126,4.0,1.0,1,87.0,1,0,100.0,0
STU1542,7.73,124,2.0,1.0,1,65.6,1,0,43.0,0
STU1543,8.64,93,1.0,1.0,1,59.8,2,0,55.5,0
STU1544,4.73,90,3.0,1.0,2,84.7,0,0,46.8,0
STU1545,6.4,107,4.0,0.0,1,99.6,0,0,57.4,0
STU1546,7.78,85,3.0,0.0,2,74.7,1,1,56.7,0
STU1547,7.0,104,8.0,4.0,3,97.2,0,0,44.3,1
STU1548,7.57,111,10.0,1.0,4,33.9,1,0,68.4,0
STU1549,6.6,118,1.0,1.0,2,78.3,1,1,56.1,0
STU1550,7.29,98,2.0,1.0,2,62.4,0,1,84.2,0
STU1551,7.04,96,7.0,1.0,3,49.2,1,1,48.3,0
STU1552,8.37,86,4.0,1.0,3,26.4,0,1,93.5,1
STU1553,7.45,87,8.0,1.0,2,77.2,0,1,65.0,1
STU1554,7.54,96,3.0,1.0,3,82.5,1,1,82.9,1
STU1555,6.79,105,6.0,1.0,1,91.8,0,0,62.1,0
STU1556,6.71,113,9.0,1.0,4,88.5,1,1,45.9,1
STU1557,6.77,87,1.0,2.0,0,49.6,1,1,55.3,0
STU1558,7.59,122,1.0,2.0,5,90.8,1,1,35.0,1
STU1559,6.78,95,8.0,0.0,2,92.9,0,0,58.0,1
STU1560,7.49,99,3.0,0.0,1,59.8,2,1,63.1,0
STU1561,9.28,88,5.0,1.0,1,65.6,0,0,60.8,1
STU1562,8.07,70,1.0,1.0,1,46.3,1,1,83.9,0
STU1563,6.87,113,5.0,0.0,2,94.6,1,1,57.3,1
STU1564,8.4,111,6.0,1.0,1,34.8,0,0,25.9,1
STU1565,6.79,95,8.0,1.0,4,75.7,0,0,100.0,1
STU1566,5.16,101,3.0,2.0,3,53.1,2,1,47.6,0
STU1567,6.19,107,3.0,1.0,0,42.8,0,0,77.4,0
STU1568,5.33,76,10.0,2.0,2,27.5,0,0,32.9,0
STU1569,6.85,92,9.0,2.0,0,60.7,0,1,64.4,1
STU1570,7.22,111,4.0,0.0,0,39.7,2,1,45.7,0
STU1571,8.88,81,4.0,3.0,2,66.1,1,1,9.2,1
STU1572,7.53,104,7.0,2.0,3,100.0,2,0,54.9,0
STU1573,6.98,79,2.0,2.0,2,69.0,1,1,59.1,0
STU1574,8.03,106,8.0,0.0,2,100.0,0,1,56.1,1
STU1575,4.99,99,6.0,0.0,1,45.4,2,0,64.4,0
STU1576,7.44,75,3.0,0.0,0,39.4,0,0,55.1,0
STU1577,7.97,117,9.0,0.0,2,44.5,2,1,61.2,0
STU1578,5.72,88,5.0,1.0,3,63.7,0,0,63.1,0
STU1579,8.34,87,8.0,1.0,3,100.0,0,1,59.4,1
STU1580,7.54,103,7.0,0.0,3,31.8,0,0,56.9,1
STU1581,6.78,117,8.0,0.0,3,77.4,2,1,43.9,0
STU1582,7.83,84,7.0,0.0,0,51.0,2,0,70.7,0
STU1583,9.47,100,3.0,1.0,1,60.5,1,0,54.9,0
STU1584,7.38,106,2.0,0.0,2,39.8,0,0,53.5,0
STU1585,7.45,110,7.0,1.0,1,82.6,1,0,69.2,1
STU1586,6.74,102,3.0,0.0,4,64.1,0,1,63.8,0
STU1587,6.35,94,3.0,3.0,0,86.7,0,0,47.4,1
STU1588,8.03,87,2.0,0.0,1,68.5,1,1,82.5,0
STU1589,6.34,101,4.0,0.0,4,26.4,1,0,38.6,0
STU1590,7.27,83,8.0,2.0,1,86.9,0,0,41.4,1
STU1591,6.72,70,1.0,4.0,2,24.7,0,1,72.0,0
STU1592,7.68,106,1.0,0.0,4,27.6,1,0,91.5,0
STU1593,7.53,113,5.0,1.0,2,46.7,0,0,49.6,0
STU1594,8.24,70,5.0,0.0,3,46.9,0,1,67.4,0
STU1595,6.69,84,1.0,1.0,1,92.9,0,0,38.5,0
STU1596,6.93,109,6.0,0.0,2,61.6,0,1,43.3,1
STU1597,6.22,130,1.0,0.0,1,89.9,1,0,80.4,0
STU1598,6.76,100,5.0,2.0,3,53.6,0,0,66.6,1
STU1599,7.58,89,9.0,0.0,3,71.4,0,0,80.9,0
STU1600,7.96,97,,2.0,1,,0,1,79.6,1
STU1601,6.28,120,6.0,1.0,3,78.9,1,0,22.4,1
STU1602,8.07,90,8.0,3.0,3,55.7,1,0,38.5,1
STU1603,8.56,88,1.0,4.0,3,57.4,0,0,64.9,1
STU1604,7.61,92,2.0,0.0,2,59.0,0,0,29.5,0
STU1605,9.08,85,9.0,2.0,0,32.0,0,0,41.0,1
STU1606,6.43,101,3.0,0.0,4,63.3,1,0,85.7,0
STU1607,5.96,124,6.0,1.0,1,57.3,0,0,50.3,0
STU1608,5.42,104,5.0,1.0,2,76.6,2,0,72.8,0
STU1609,8.7,96,2.0,1.0,2,66.8,0,0,59.5,1
STU1610,7.85,95,7.0,1.0,1,91.7,1,1,47.8,1
STU1611,7.14,76,4.0,0.0,2,66.4,1,0,30.0,0
STU1612,7.48,113,1.0,2.0,6,53.8,2,1,64.2,0
STU1613,6.07,98,4.0,3.0,0,66.2,0,1,86.2,1
STU1614,9.65,97,6.0,2.0,4,79.5,1,1,48.3,1
STU1615,7.33,145,7.0,0.0,2,29.5,1,0,61.2,0
STU1616,7.31,104,7.0,1.0,1,50.7,1,1,32.6,1
STU1617,7.93,88,7.0,0.0,2,51.1,1,1,47.9,1
STU1618,7.68,93,3.0,0.0,4,73.2,1,1,66.1,0
STU1619,7.42,117,6.0,2.0,1,75.5,1,0,73.4,0
STU1620,6.41,101,8.0,3.0,2,67.0,1,1,70.0,1
STU1621,7.67,78,4.0,3.0,2,15.4,2,0,23.4,0
STU1622,9.08,113,8.0,1.0,5,32.0,0,1,51.8,1
STU1623,8.55,89,2.0,1.0,1,60.2,1,1,42.6,0
STU1624,8.79,128,10.0,0.0,0,55.0,0,0,54.4,1
STU1625,6.69,116,9.0,2.0,2,65.1,0,0,58.0,1
STU1626,6.21,93,9.0,1.0,1,55.6,0,1,79.2,1
STU1627,7.07,119,8.0,4.0,0,95.6,2,1,65.3,1
STU1628,7.26,101,10.0,1.0,1,19.1,0,1,85.5,0
STU1629,8.29,112,10.0,3.0,1,71.1,0,0,47.4,1
STU1630,5.51,107,1.0,1.0,2,81.6,0,0,34.5,0
STU1631,8.73,87,2.0,0.0,2,79.0,1,1,86.2,1
STU1632,7.04,90,6.0,2.0,2,80.7,0,1,67.8,1
STU1633,6.77,115,10.0,1.0,0,83.6,1,0,46.6,0
STU1634,6.19,94,5.0,2.0,3,52.9,1,0,67.9,0
STU1635,5.55,93,9.0,2.0,1,43.0,0,1,75.0,1
STU1636,8.02,85,5.0,2.0,1,24.3,0,0,62.1,1
STU1637,7.27,106,2.0,1.0,3,57.7,0,1,46.9,1
STU1638,5.91,130,10.0,3.0,1,49.4,1,0,52.1,1
STU1639,5.9,83,4.0,2.0,0,88.2,1,1,65.2,0
STU1640,6.86,100,9.0,2.0,1,59.2,0,1,63.6,1
STU1641,8.87,121,1.0,3.0,2,44.4,1,1,81.8,0
STU1642,6.94,98,1.0,0.0,2,41.2,0,0,55.0,1
STU1643,5.7,106,7.0,1.0,1,100.0,1,1,42.7,0
STU1644,6.95,84,3.0,1.0,1,64.6,0,1,100.0,0
STU1645,6.93,106,10.0,0.0,4,49.4,0,0,63.1,1
STU1646,4.5,97,2.0,0.0,3,67.5,0,1,75.0,0
STU1647,7.15,114,9.0,2.0,0,100.0,2,1,69.4,1
STU1648,6.97,117,3.0,1.0,1,57.2,0,1,63.4,0
STU1649,7.9,138,2.0,1.0,3,78.7,0,0,55.9,1
STU1650,9.05,108,8.0,2.0,3,88.7,2,0,9.5,1
STU1651,8.33,104,10.0,0.0,1,27.2,1,0,40.9,0
STU1652,6.93,102,6.0,1.0,2,52.2,1,0,65.9,0
STU1653,6.09,94,6.0,0.0,3,86.2,1,1,11.1,0
STU1654,9.77,105,10.0,2.0,1,51.0,1,0,61.3,1
STU1655,7.26,95,7.0,1.0,0,73.3,0,0,71.9,1
STU1656,7.21,102,7.0,0.0,2,49.8,0,0,75.0,1
STU1657,7.18,119,6.0,2.0,3,56.1,1,1,70.8,1
STU1658,7.4,84,4.0,1.0,2,53.7,2,1,77.3,1
STU1659,7.06,117,9.0,2.0,3,77.7,1,1,88.9,1
STU1660,6.63,119,6.0,2.0,0,69.0,0,0,79.7,1
STU1661,6.65,98,4.0,1.0,2,67.0,0,1,63.5,1
STU1662,7.17,70,3.0,0.0,4,100.0,0,1,57.6,0
STU1663,6.66,90,4.0,0.0,4,99.8,0,0,62.1,0
STU1664,6.49,119,3.0,1.0,2,25.4,0,1,55.0,0
STU1665,7.31,99,2.0,0.0,2,56.1,0,0,80.1,0
STU1666,6.95,85,5.0,3.0,1,100.0,0,0,70.3,1
STU1667,8.7,92,2.0,0.0,1,53.5,1,1,53.1,0
STU1668,4.55,112,6.0,0.0,0,100.0,1,0,83.8,0
STU1669,8.29,108,3.0,2.0,2,56.5,0,0,54.7,1
STU1670,8.45,96,6.0,0.0,0,60.3,0,0,43.0,0
STU1671,5.13,94,10.0,1.0,1,82.3,0,0,59.8,1
STU1672,6.86,94,9.0,1.0,3,63.2,1,0,45.2,1
STU1673,6.83,86,1.0,1.0,0,74.9,2,0,76.9,0
STU1674,5.79,124,6.0,0.0,2,96.5,0,1,44.8,1
STU1675,6.42,95,9.0,1.0,1,80.2,1,0,57.9,0
STU1676,6.09,118,4.0,0.0,2,67.8,1,0,76.9,0
STU1677,8.95,122,2.0,0.0,0,98.5,1,0,47.2,0
STU1678,8.14,114,4.0,0.0,2,82.5,2,0,67.4,0
STU1679,8.47,93,1.0,1.0,1,50.3,0,1,42.5,0
STU1680,7.92,106,3.0,1.0,3,100.0,0,1,64.4,1
STU1681,6.07,99,10.0,2.0,3,77.8,2,0,70.2,1
STU1682,6.68,86,9.0,1.0,2,60.7,0,1,59.2,0
STU1683,7.69,104,10.0,3.0,2,24.6,2,0,60.6,0
STU1684,5.98,82,5.0,2.0,2,37.4,2,0,68.0,0
STU1685,7.91,117,6.0,3.0,0,99.0,0,0,55.0,1
STU1686,6.96,93,3.0,1.0,2,99.8,0,0,76.0,1
STU1687,6.83,103,5.0,0.0,2,66.7,2,1,84.7,0
STU1688,7.91,104,8.0,1.0,1,29.6,0,1,43.3,0
STU1689,7.64,96,6.0,1.0,3,43.3,0,0,91.8,1
STU1690,6.84,108,4.0,1.0,1,32.5,1,0,54.5,0
STU1691,8.36,92,2.0,0.0,1,31.8,2,1,95.9,0
STU1692,6.12,113,9.0,0.0,2,100.0,1,1,54.8,0
STU1693,7.82,79,1.0,0.0,1,100.0,0,0,72.7,0
STU1694,7.79,101,1.0,0.0,1,42.6,0,1,72.6,0
STU1695,6.89,129,4.0,0.0,0,64.8,2,0,53.0,0
STU1696,7.53,84,7.0,1.0,3,39.3,0,1,61.3,1
STU1697,5.95,89,1.0,1.0,2,64.7,0,1,85.9,0
STU1698,8.12,107,9.0,3.0,2,97.8,0,1,54.2,1
STU1699,7.02,102,4.0,0.0,4,86.6,1,1,52.5,1
STU1700,6.68,105,3.0,1.0,1,81.2,1,0,39.2,1
STU1701,8.25,107,1.0,0.0,3,61.1,1,0,88.2,1
STU1702,6.5,109,10.0,0.0,2,90.2,0,1,51.3,1
STU1703,5.79,116,4.0,0.0,2,77.9,1,0,81.6,0
STU1704,5.64,106,9.0,0.0,1,73.1,2,1,49.2,1
STU1705,7.81,96,10.0,1.0,3,62.7,0,1,81.0,1
STU1706,5.92,110,6.0,1.0,1,71.4,0,0,74.5,1
STU1707,8.95,128,6.0,0.0,2,70.8,0,0,55.9,0
STU1708,5.12,98,1.0,1.0,1,54.2,2,0,46.8,0
STU1709,8.9,85,10.0,2.0,3,49.5,0,1,48.2,1
STU1710,7.41,116,2.0,1.0,3,45.1,2,0,48.0,0
STU1711,7.1,98,6.0,1.0,1,46.3,0,0,79.2,0
STU1712,6.66,70,2.0,1.0,2,61.2,0,0,62.9,0
STU1713,7.6,112,3.0,4.0,0,57.9,1,0,39.9,0
STU1714,7.16,91,4.0,1.0,2,52.6,1,1,55.5,0
STU1715,8.3,98,5.0,0.0,2,51.1,0,1,57.6,1
STU1716,7.31,104,9.0,0.0,0,70.8,0,1,21.5,1
STU1717,7.35,102,4.0,1.0,3,92.6,2,1,56.5,0
STU1718,6.84,110,9.0,1.0,4,64.8,1,1,73.0,1
STU1719,7.14,93,10.0,1.0,0,63.5,0,1,57.5,1
STU1720,7.51,107,3.0,0.0,3,46.3,2,1,64.6,0
STU1721,5.49,96,8.0,2.0,1,60.5,0,0,68.7,1
STU1722,5.85,111,1.0,1.0,2,88.8,0,1,53.8,0
STU1723,7.94,109,9.0,1.0,3,85.7,0,1,73.2,1
STU1724,7.37,85,9.0,1.0,2,84.4,0,1,86.2,1
STU1725,7.02,116,10.0,0.0,0,83.7,2,1,32.6,0
STU1726,7.22,91,2.0,0.0,0,73.7,2,0,53.8,0
STU1727,7.55,112,4.0,2.0,1,73.0,1,1,100.0,1
STU1728,6.66,105,8.0,0.0,4,69.9,1,1,63.1,1
STU1729,6.42,127,7.0,0.0,1,56.7,2,0,59.4,0
STU1730,7.4,96,1.0,2.0,0,66.7,2,1,55.4,0
STU1731,6.22,94,5.0,1.0,2,69.3,0,1,82.9,1
STU1732,7.61,99,7.0,2.0,0,77.7,0,1,43.1,1
STU1733,5.5,95,4.0,1.0,3,67.0,0,1,76.7,1
STU1734,8.23,111,1.0,0.0,3,100.0,1,1,55.0,0
STU1735,7.67,75,9.0,0.0,2,40.8,0,1,46.5,1
STU1736,7.46,84,5.0,5.0,4,80.1,0,1,55.8,1
STU1737,8.18,83,2.0,1.0,0,64.2,0,0,59.2,1
STU1738,8.87,114,8.0,1.0,4,65.0,1,0,51.0,1
STU1739,8.21,125,2.0,0.0,1,48.7,1,1,80.0,0
STU1740,5.36,98,3.0,2.0,2,85.4,0,0,46.6,0
STU1741,5.92,97,10.0,0.0,1,78.1,2,1,62.5,0
STU1742,6.58,101,1.0,0.0,1,81.7,0,0,69.7,0
STU1743,7.23,117,2.0,0.0,4,68.4,1,1,62.3,1
STU1744,7.72,86,7.0,0.0,0,58.5,0,0,73.9,1
STU1745,6.47,103,10.0,2.0,0,63.7,0,1,52.2,1
STU1746,7.39,114,2.0,1.0,3,73.7,0,0,71.2,0
STU1747,6.44,107,6.0,0.0,1,24.9,1,0,71.7,0
STU1748,6.59,102,3.0,2.0,2,82.5,0,1,77.4,1
STU1749,5.79,115,4.0,0.0,1,100.0,0,1,26.1,0
STU1750,6.28,70,8.0,1.0,2,74.6,1,0,69.2,0
STU1751,5.85,110,3.0,1.0,3,59.4,0,0,76.2,0
STU1752,6.22,90,10.0,1.0,3,61.8,0,1,52.6,0
STU1753,8.25,72,6.0,0.0,1,79.2,1,0,50.1,0
STU1754,6.25,107,1.0,1.0,1,59.8,0,1,47.4,0
STU1755,9.83,120,7.0,1.0,1,82.4,1,0,41.4,1
STU1756,7.69,97,8.0,0.0,2,61.5,2,0,72.0,0
STU1757,7.38,114,8.0,0.0,2,99.3,1,1,100.0,1
STU1758,6.34,124,3.0,0.0,4,98.7,2,1,50.0,0
STU1759,7.9,119,10.0,1.0,4,58.4,1,1,51.6,1
STU1760,6.62,124,1.0,1.0,4,63.4,0,0,60.3,0
STU1761,7.32,111,9.0,0.0,2,64.6,1,0,31.2,1
STU1762,9.76,101,6.0,1.0,2,64.8,0,0,47.5,0
STU1763,7.1,75,9.0,1.0,0,46.1,0,1,59.0,0
STU1764,8.35,96,7.0,3.0,2,43.3,2,0,43.9,0
STU1765,6.5,87,1.0,1.0,1,90.0,0,0,81.6,0
STU1766,7.17,132,1.0,0.0,2,86.8,0,1,36.7,0
STU1767,8.97,97,6.0,1.0,2,86.5,0,0,76.2,1
STU1768,6.57,101,5.0,1.0,1,63.6,2,0,86.4,0
STU1769,9.01,108,9.0,1.0,5,100.0,1,1,66.9,1
STU1770,7.91,100,2.0,3.0,1,64.6,0,1,57.5,0
STU1771,6.64,125,8.0,0.0,3,82.3,1,1,64.4,1
STU1772,7.83,90,5.0,1.0,2,37.2,0,1,52.1,0
STU1773,8.17,102,2.0,2.0,3,60.4,1,1,23.4,0
STU1774,7.82,88,10.0,1.0,4,61.9,0,1,42.4,1
STU1775,5.63,80,6.0,1.0,1,63.7,1,1,59.8,0
STU1776,6.47,90,10.0,1.0,0,38.5,1,1,43.1,1
STU1777,6.95,99,8.0,3.0,4,79.1,0,1,52.6,1
STU1778,7.13,93,4.0,2.0,3,85.6,1,0,68.6,0
STU1779,7.82,89,2.0,4.0,1,50.1,1,1,62.6,1
STU1780,7.38,78,5.0,2.0,2,42.1,1,1,79.1,0
STU1781,5.86,98,2.0,1.0,4,49.6,1,0,65.3,0
STU1782,7.58,77,2.0,2.0,3,74.9,0,1,66.4,1
STU1783,7.81,111,6.0,1.0,1,53.1,0,0,47.2,0
STU1784,7.76,101,10.0,2.0,0,62.3,1,0,36.0,1
STU1785,8.28,78,9.0,0.0,4,43.5,2,1,52.6,0
STU1786,8.03,95,4.0,2.0,1,100.0,2,0,46.9,1
STU1787,7.66,88,6.0,3.0,1,66.5,0,1,57.0,1
STU1788,7.13,104,7.0,2.0,3,88.0,0,1,40.8,1
STU1789,5.54,120,6.0,1.0,3,74.9,0,0,75.2,0
STU1790,7.63,71,8.0,1.0,2,64.2,1,0,46.8,0
STU1791,7.41,101,4.0,0.0,0,63.1,0,0,53.5,0
STU1792,7.47,97,1.0,0.0,3,50.5,0,1,59.6,0
STU1793,5.92,110,7.0,0.0,1,56.0,1,1,80.2,0
STU1794,6.12,103,3.0,1.0,1,44.8,1,0,91.7,0
STU1795,8.25,88,6.0,2.0,2,42.7,0,1,92.9,1
STU1796,7.16,95,2.0,0.0,1,100.0,0,1,36.9,0
STU1797,7.88,88,9.0,2.0,1,70.6,1,0,53.3,1
STU1798,7.23,116,1.0,3.0,2,94.3,1,0,49.9,1
STU1799,7.23,100,6.0,1.0,1,49.1,2,0,66.7,1
STU1800,8.14,128,6.0,1.0,3,40.0,1,0,65.6,1
STU1801,6.68,99,5.0,0.0,1,45.4,1,0,49.5,0
STU1802,7.3,89,5.0,2.0,1,56.6,1,0,48.1,0
STU1803,6.74,77,1.0,2.0,4,65.7,0,0,42.0,0
STU1804,6.77,72,10.0,1.0,1,62.0,0,0,12.2,1
STU1805,6.89,76,5.0,2.0,3,49.5,0,0,36.6,1
STU1806,7.42,104,2.0,1.0,1,66.8,1,0,75.6,0
STU1807,6.72,107,7.0,2.0,0,68.5,1,1,86.4,1
STU1808,8.46,76,3.0,0.0,3,79.0,0,1,84.3,1
STU1809,6.31,113,4.0,0.0,1,94.4,2,0,76.4,0
STU1810,7.01,92,,,0,,2,1,41.8,0
STU1811,6.76,102,3.0,0.0,3,89.3,2,1,38.7,0
STU1812,8.65,124,4.0,2.0,1,66.3,1,1,27.4,1
STU1813,7.4,113,5.0,2.0,1,34.5,2,1,49.5,0
STU1814,8.23,95,1.0,2.0,4,100.0,0,1,61.6,1
STU1815,5.71,86,4.0,0.0,2,100.0,1,1,41.9,0
STU1816,7.47,70,8.0,1.0,3,77.4,0,0,67.8,1
STU1817,8.09,89,10.0,0.0,2,66.8,0,0,71.7,1
STU1818,7.28,96,,,1,,0,1,51.5,1
STU1819,8.27,85,9.0,1.0,0,55.7,0,1,35.9,1
STU1820,6.68,98,5.0,1.0,2,89.2,0,0,84.9,1
STU1821,8.61,101,10.0,4.0,0,64.7,0,1,60.6,1
STU1822,9.5,96,4.0,0.0,3,98.5,0,1,94.9,1
STU1823,6.84,90,8.0,2.0,1,65.7,1,1,61.7,1
STU1824,6.75,102,9.0,1.0,0,56.8,2,1,62.9,0
STU1825,8.65,106,7.0,1.0,1,53.0,2,1,42.6,0
STU1826,8.78,83,7.0,0.0,1,50.1,2,0,52.4,0
STU1827,6.68,121,5.0,1.0,4,75.3,2,0,31.9,0
STU1828,6.78,98,4.0,0.0,3,39.1,2,1,35.8,0
STU1829,6.92,100,10.0,1.0,3,48.6,0,0,73.3,1
STU1830,5.86,110,1.0,1.0,1,91.5,0,1,54.9,0
STU1831,6.28,103,10.0,1.0,2,45.9,1,1,52.4,0
STU1832,6.2,114,10.0,3.0,3,82.3,0,1,46.7,1
STU1833,6.43,104,7.0,1.0,3,23.7,2,1,53.1,1
STU1834,7.17,90,1.0,1.0,4,94.0,0,1,80.4,1
STU1835,7.43,105,1.0,1.0,0,39.6,1,1,62.6,0
STU1836,8.75,82,5.0,2.0,0,47.5,1,1,38.8,0
STU1837,6.2,101,9.0,0.0,3,78.6,1,1,78.5,0
STU1838,8.18,99,6.0,2.0,2,70.4,0,1,91.1,1
STU1839,6.99,96,3.0,0.0,1,82.9,0,0,68.9,0
STU1840,7.15,98,3.0,1.0,1,39.4,2,1,76.0,0
STU1841,7.87,71,7.0,0.0,1,59.3,1,0,82.0,0
STU1842,6.08,91,6.0,0.0,3,52.7,0,0,30.2,0
STU1843,7.58,101,9.0,1.0,1,42.8,0,1,93.6,1
STU1844,7.37,102,6.0,0.0,0,76.9,0,0,79.8,1
STU1845,7.69,84,5.0,2.0,1,83.9,0,1,68.8,1
STU1846,7.49,118,10.0,1.0,5,58.3,0,1,57.7,1
STU1847,9.66,87,7.0,0.0,1,95.5,1,1,35.9,1
STU1848,6.56,114,1.0,0.0,0,49.3,0,1,54.0,0
STU1849,6.67,106,7.0,1.0,3,95.0,0,0,68.1,1
STU1850,6.58,90,3.0,0.0,2,76.2,1,0,40.1,0
STU1851,6.64,126,9.0,2.0,1,40.5,0,1,58.7,1
STU1852,6.56,82,6.0,1.0,1,100.0,1,0,38.7,1
STU1853,8.39,113,9.0,1.0,4,56.1,0,0,53.1,1
STU1854,8.62,115,5.0,1.0,1,89.1,2,0,35.7,0
STU1855,6.63,89,7.0,0.0,2,67.9,2,1,33.8,0
STU1856,6.37,120,4.0,0.0,2,72.5,1,0,66.1,0
STU1857,7.67,96,7.0,1.0,1,83.0,2,0,49.6,0
STU1858,6.65,104,1.0,5.0,4,81.9,1,0,51.3,1
STU1859,7.83,103,7.0,0.0,1,58.2,0,1,48.6,0
STU1860,7.4,97,8.0,1.0,0,75.6,0,0,100.0,1
STU1861,5.68,112,5.0,2.0,2,74.1,0,0,70.9,1
STU1862,8.75,111,2.0,0.0,0,69.3,0,1,72.9,0
STU1863,9.0,73,5.0,1.0,3,60.9,0,0,46.0,1
STU1864,6.59,119,6.0,2.0,0,69.2,2,1,69.1,1
STU1865,6.81,75,2.0,1.0,5,100.0,0,1,55.9,0
STU1866,7.49,115,6.0,1.0,3,59.1,1,1,45.9,0
STU1867,7.53,116,6.0,1.0,1,89.1,0,1,94.7,1
STU1868,7.86,83,1.0,0.0,2,52.6,2,1,70.3,0
STU1869,9.21,93,1.0,0.0,2,47.4,0,1,69.4,1
STU1870,7.02,83,10.0,2.0,2,100.0,0,0,42.5,1
STU1871,6.4,96,3.0,0.0,1,75.8,2,1,37.1,0
STU1872,5.82,95,10.0,3.0,4,76.4,0,0,59.0,1
STU1873,6.47,111,10.0,2.0,1,76.9,0,0,49.7,0
STU1874,7.17,119,3.0,3.0,4,93.1,0,1,71.0,1
STU1875,8.99,120,4.0,0.0,0,73.2,2,0,72.2,0
STU1876,6.68,91,2.0,0.0,2,81.3,0,0,61.2,0
STU1877,7.42,96,9.0,0.0,2,43.8,1,0,74.9,1
STU1878,7.18,74,10.0,3.0,1,84.7,1,1,63.5,0
STU1879,8.39,87,7.0,0.0,4,60.3,0,0,44.3,1
STU1880,9.73,114,7.0,2.0,2,78.4,0,0,56.4,1
STU1881,6.67,124,6.0,1.0,4,30.7,0,1,62.4,1
STU1882,6.71,81,3.0,0.0,2,77.6,2,0,76.7,0
STU1883,8.24,91,6.0,1.0,3,20.2,0,0,64.0,0
STU1884,7.88,99,8.0,1.0,3,59.5,1,0,49.7,1
STU1885,9.05,104,8.0,0.0,1,30.9,2,1,77.4,0
STU1886,7.78,87,9.0,0.0,0,77.7,0,0,66.9,1
STU1887,6.84,106,1.0,1.0,1,66.4,2,0,87.8,1
STU1888,7.79,92,1.0,1.0,2,49.6,2,1,61.6,0
STU1889,8.31,99,3.0,0.0,2,93.7,0,1,41.3,0
STU1890,8.02,108,3.0,2.0,4,47.1,1,1,81.2,1
STU1891,7.71,100,10.0,0.0,1,4.4,0,0,49.6,0
STU1892,8.27,93,8.0,2.0,3,75.3,0,1,65.3,1
STU1893,8.37,98,10.0,1.0,4,29.7,1,1,63.3,1
STU1894,8.58,98,1.0,4.0,4,47.7,0,1,60.8,0
STU1895,7.85,94,2.0,1.0,1,54.7,1,0,56.9,0
STU1896,7.03,96,2.0,0.0,2,36.5,1,1,30.3,0
STU1897,7.35,123,3.0,3.0,3,55.1,1,1,42.0,0
STU1898,8.41,108,6.0,2.0,0,36.9,0,1,80.2,1
STU1899,6.38,95,1.0,1.0,1,68.2,2,1,67.7,0
STU1900,7.57,110,2.0,0.0,2,40.4,1,1,94.4,0
STU1901,6.81,94,1.0,4.0,3,65.6,2,0,41.3,0
STU1902,7.23,117,5.0,2.0,2,88.2,0,0,59.4,1
STU1903,8.48,105,7.0,0.0,1,80.6,1,1,80.9,1
STU1904,7.39,98,8.0,1.0,1,63.4,2,1,49.8,0
STU1905,7.25,106,10.0,0.0,0,45.2,1,1,51.3,0
STU1906,5.84,76,1.0,1.0,2,68.2,1,0,54.7,0
STU1907,7.95,83,7.0,1.0,2,51.1,1,0,52.0,0
STU1908,7.85,82,5.0,1.0,1,69.0,1,0,69.6,0
STU1909,9.36,102,10.0,0.0,2,30.7,1,0,28.0,1
STU1910,6.89,125,1.0,0.0,3,81.1,2,1,89.6,0
STU1911,7.42,133,3.0,1.0,2,65.7,1,1,42.7,0
STU1912,7.45,109,7.0,1.0,2,100.0,0,1,21.9,1
STU1913,8.78,107,10.0,0.0,3,91.1,0,1,59.8,1
STU1914,7.1,72,1.0,2.0,2,76.3,0,0,53.2,0
STU1915,7.48,91,7.0,2.0,2,62.5,1,1,56.8,1
STU1916,7.81,88,5.0,1.0,1,50.4,1,0,65.6,0
STU1917,7.39,90,1.0,1.0,4,83.8,1,0,71.6,0
STU1918,6.75,97,1.0,2.0,5,60.4,0,1,90.4,1
STU1919,7.39,92,1.0,2.0,1,88.4,1,0,47.6,0
STU1920,8.27,70,9.0,2.0,1,73.0,2,0,73.9,0
STU1921,6.17,111,3.0,3.0,4,73.2,1,1,72.8,1
STU1922,7.33,83,5.0,1.0,2,76.9,1,0,12.5,1
STU1923,6.5,103,10.0,2.0,4,46.6,1,0,45.0,1
STU1924,8.4,131,9.0,2.0,3,44.6,1,1,36.8,1
STU1925,5.68,86,6.0,1.0,2,43.9,2,0,68.1,0
STU1926,6.64,70,9.0,1.0,2,85.9,0,0,66.1,1
STU1927,7.58,95,8.0,2.0,0,46.1,0,1,66.4,1
STU1928,8.77,116,8.0,2.0,2,48.6,0,0,54.5,1
STU1929,7.13,129,,,0,,0,1,56.3,1
STU1930,6.64,81,9.0,0.0,4,60.0,0,0,59.5,1
STU1931,9.08,107,6.0,0.0,3,57.4,1,0,52.8,0
STU1932,5.75,93,9.0,0.0,3,55.7,1,1,74.0,1
STU1933,5.0,98,3.0,2.0,0,18.5,0,1,40.7,0
STU1934,7.64,139,3.0,0.0,4,45.7,1,0,45.9,1
STU1935,6.7,77,6.0,0.0,2,88.6,0,1,62.2,1
STU1936,6.18,103,9.0,1.0,1,54.2,2,0,53.4,0
STU1937,7.91,107,7.0,2.0,1,27.0,0,1,40.0,1
STU1938,7.44,116,3.0,2.0,3,44.8,0,0,69.6,1
STU1939,6.64,101,3.0,1.0,2,72.2,1,0,49.7,0
STU1940,5.92,104,2.0,0.0,1,71.8,0,0,44.8,0
STU1941,8.07,94,9.0,1.0,2,59.1,0,0,56.9,0
STU1942,7.85,104,3.0,0.0,1,51.2,2,0,43.9,0
STU1943,7.1,94,5.0,0.0,2,37.0,0,1,59.4,0
STU1944,9.05,109,9.0,0.0,3,72.4,0,1,53.5,0
STU1945,6.13,94,8.0,1.0,2,81.8,0,0,50.8,1
STU1946,5.67,105,2.0,1.0,1,90.8,0,0,50.9,1
STU1947,6.51,99,3.0,1.0,0,42.8,0,1,77.9,0
STU1948,7.15,116,2.0,1.0,0,92.3,1,1,66.6,1
STU1949,7.44,99,8.0,2.0,1,63.9,2,1,29.2,1
STU1950,6.96,73,6.0,1.0,2,65.5,2,1,75.9,0
STU1951,7.55,118,6.0,2.0,2,82.9,0,1,69.3,1
STU1952,5.95,86,9.0,1.0,2,54.2,1,0,68.2,0
STU1953,8.64,90,8.0,3.0,1,21.7,0,0,76.0,1
STU1954,7.12,91,4.0,0.0,1,79.1,0,1,60.3,1
STU1955,8.32,120,4.0,1.0,2,72.0,0,1,71.2,1
STU1956,7.54,70,9.0,1.0,0,57.8,2,1,51.6,0
STU1957,7.66,145,1.0,0.0,1,77.5,0,1,75.3,0
STU1958,7.77,115,2.0,2.0,3,81.5,0,1,63.9,1
STU1959,7.65,103,2.0,1.0,0,34.8,0,1,35.2,0
STU1960,7.84,99,6.0,0.0,0,65.5,1,1,78.7,0
STU1961,8.53,104,4.0,1.0,1,19.4,0,1,57.7,1
STU1962,7.4,107,10.0,0.0,1,62.5,2,1,55.2,1
STU1963,7.91,109,3.0,0.0,0,57.5,1,0,52.0,0
STU1964,7.11,108,3.0,0.0,2,74.8,0,1,53.4,0
STU1965,8.64,101,3.0,0.0,2,43.5,0,1,64.1,1
STU1966,6.52,97,6.0,2.0,2,56.6,1,0,42.2,0
STU1967,9.0,97,8.0,2.0,0,0.7,0,0,31.8,1
STU1968,7.16,97,,,3,,0,0,40.8,0
STU1969,5.77,117,4.0,0.0,0,63.2,1,1,66.9,0
STU1970,7.33,108,4.0,2.0,2,66.7,0,1,57.1,0
STU1971,6.52,70,,,3,,1,1,80.0,0
STU1972,8.04,109,2.0,1.0,4,73.0,0,1,58.8,1
STU1973,6.55,102,1.0,2.0,2,98.1,1,0,75.2,0
STU1974,6.75,99,9.0,1.0,2,61.3,0,1,47.5,1
STU1975,5.31,94,2.0,1.0,1,78.0,1,1,52.2,0
STU1976,6.75,116,8.0,3.0,4,47.6,1,0,60.2,1
STU1977,4.78,114,9.0,0.0,3,63.5,0,1,57.4,1
STU1978,5.62,88,4.0,2.0,3,34.4,1,1,55.7,1
STU1979,7.96,106,8.0,2.0,2,80.8,1,1,44.3,1
STU1980,7.99,85,9.0,1.0,1,68.2,1,1,31.5,0
STU1981,7.63,79,10.0,1.0,3,40.6,1,0,71.4,1
STU1982,6.23,90,10.0,2.0,1,49.0,0,0,69.3,0
STU1983,7.15,112,5.0,2.0,0,66.2,0,0,49.0,1
STU1984,7.2,114,7.0,1.0,3,83.5,0,0,66.8,1
STU1985,6.04,107,10.0,0.0,2,94.6,0,1,57.0,0
STU1986,8.7,110,4.0,1.0,3,62.3,0,1,79.9,1
STU1987,8.08,107,1.0,0.0,3,37.7,0,1,36.4,0
STU1988,6.98,90,3.0,1.0,0,69.8,0,0,57.7,0
STU1989,7.23,106,5.0,2.0,3,100.0,1,0,56.3,1
STU1990,7.41,112,3.0,1.0,2,32.5,0,0,62.9,0
STU1991,5.16,111,7.0,2.0,2,45.9,0,1,87.7,0
STU1992,6.95,117,9.0,1.0,3,77.2,1,1,57.8,0
STU1993,6.52,110,6.0,0.0,1,68.1,1,0,73.4,1
STU1994,6.2,105,10.0,1.0,1,54.1,0,0,57.3,1
STU1995,6.92,116,1.0,1.0,2,69.4,0,1,79.3,0
STU1996,9.0,99,7.0,2.0,1,84.6,1,1,73.6,1
STU1997,7.84,86,3.0,1.0,0,63.0,1,1,54.0,0
STU1998,6.63,97,5.0,2.0,2,61.3,1,0,52.7,1
STU1999,7.77,88,10.0,2.0,4,76.8,0,0,68.8,1
